Municipi;Codi;Altitud (m);Superfície (km²);Població;longitud;latitud
Abella de la Conca;250019;956;78,27;161;1.0924717;42.16144189
Abrera;80018;105;19,94;12981;1.90260163;41.51617119
Àger;250024;642;160,57;608;0.76367875;41.9995652
Agramunt;250030;337;79,65;5592;1.09885929;41.78723928
Aguilar de Segarra;80023;480;43,32;291;1.63196598;41.73916912
Agullana;170010;166;27,73;910;2.84667014;42.3938047
Aiguafreda;80142;404;7,90;2582;2.25054463;41.76798618
Aiguamúrcia;430017;314;72,95;965;1.36314912;41.34740998
Aiguaviva;170025;169;13,91;800;2.76175915;41.93831798
Aitona;250387;110;66,90;2575;0.45887553;41.49415635
Alamús, els;250045;212;20,53;799;0.73953624;41.61588863
Alàs i Cerc;250058;768;57,67;325;1.50763901;42.35269751
Albagés, l';250061;372;25,70;343;0.73902313;41.449114
Albanyà;170031;239;94,39;167;2.71976685;42.30422037
Albatàrrec;250077;147;10,46;2247;0.60415901;41.57307599
Albesa;250083;237;37,61;1571;0.66040759;41.75136441
Albi, l';250096;526;32,54;764;0.93657985;41.42289588
Albinyana;430022;198;19,37;2678;1.4863641;41.24574484
Albiol, l';430038;823;20,34;538;1.08912684;41.25205054
Albons;170046;25;11,13;828;3.08528858;42.10439845
Alcanar;430043;72;47,07;9871;0.48077072;40.54324387
Alcanó;250100;214;21,03;240;0.61677675;41.48124482
Alcarràs;250117;137;114,29;10217;0.52520082;41.56312845
Alcoletge;250122;213;16,70;3621;0.69416188;41.64730417
Alcover;430056;243;46,00;5334;1.16885828;41.2629114
Aldea, l';439044;9;35,21;4554;0.62237072;40.74726814
Aldover;430069;14;20,20;897;0.5000585;40.87990045
Aleixar, l';430075;262;26,10;980;1.04619311;41.20163187
Alella;80039;90;9,58;10200;2.29495688;41.49373219
Alfara de Carles;430081;334;63,87;363;0.4005653;40.87334483
Alfarràs;250138;281;11,40;2759;0.57044997;41.82951572
Alfés;250143;236;31,94;284;0.62100071;41.52161845
Alforja;430094;374;38,24;2027;0.97541316;41.21035932
Algerri;250156;345;54,32;426;0.63853795;41.81608339
Alguaire;250169;304;50,11;2992;0.58383043;41.73635399
Alins;250175;1048;183,19;275;1.31747273;42.54879501
Alió;430108;263;7,25;506;1.30634069;41.29466394
Almacelles;250194;247;49,03;7031;0.43709454;41.73174426
Almatret;250208;462;56,83;303;0.42413571;41.30532865
Almenar;250215;329;66,59;3321;0.56789509;41.797844
Almoster;430115;290;5,96;1338;1.11359781;41.19774417
Alòs de Balaguer;250220;297;69,08;118;0.9610951;41.9122579
Alp;170062;1158;44,29;1727;1.88538915;42.37256346
Alpens;80044;855;13,80;270;2.10127267;42.11932091
Alpicat;250236;264;15,33;6466;0.55519835;41.66663439
Alt Àneu;250241;1076;217,76;457;1.10936934;42.63273666
Altafulla;430120;52;6,95;5809;1.37605008;41.14275013
Amer;170078;186;40,08;2421;2.60301889;42.00924462
Ametlla de Mar, l';430136;19;66,86;7347;0.80316591;40.88395787
Ametlla del Vallès, l';80057;281;14,24;9448;2.25925558;41.67330125
Ampolla, l';439060;8;35,65;3692;0.71014087;40.81225126
Amposta;430141;8;138,31;22623;0.58108201;40.71330218
Anglès;170084;181;16,31;5915;2.64005865;41.95744641
Anglesola;250273;335;23,53;1370;1.08137944;41.65886824
Arbeca;250292;332;58,34;2085;0.9241543;41.54165167
Arboç, l';430167;166;14,13;5745;1.60352183;41.26763806
Arbolí;430154;714;20,78;129;0.94872456;41.24234713
Arbúcies;170097;291;86,22;6555;2.51416797;41.81608062
Arenys de Mar;80060;10;6,75;16513;2.55149759;41.57938541
Arenys de Munt;80076;121;21,29;9444;2.54038107;41.60899336
Argelaguer;170101;183;12,54;451;2.64158377;42.21317776
Argençola;80082;716;47,09;241;1.44355474;41.59783256
Argentera, l';430173;344;10,12;129;0.90928305;41.13750072
Argentona;80095;88;25,40;12850;2.40066398;41.55472727
Armentera, l';170118;7;5,60;1070;3.07452397;42.1721013
Arnes;430189;506;42,97;463;0.26088266;40.91000513
Arres;250313;1224;11,57;63;0.7117209;42.75512059
Arsèguel;250328;950;10,59;78;1.58263017;42.35019415
Artés;80109;316;17,87;6051;1.95351624;41.79819381
Artesa de Lleida;250334;202;23,94;1536;0.70367123;41.55179061
Artesa de Segre;250349;318;175,90;3519;1.04532859;41.8956921
Ascó;430192;70;73,63;1609;0.56744332;41.18063102
Aspa;250365;256;10,21;219;0.67232501;41.49559161
Avellanes i Santa Linya, les;250371;567;102,96;430;0.76375281;41.90884911
Avià;80116;677;27,23;2242;1.82561189;42.07771723
Avinyó;80121;353;63,23;2311;1.97131845;41.86375268
Avinyonet de Puigventós;170123;70;12,30;1689;2.91470177;42.24953486
Avinyonet del Penedès;80137;280;29,13;1745;1.7760176;41.35966722
Badalona;80155;6;21,18;226219;2.24587666;41.45226335
Badia del Vallès;89045;120;0,93;13109;2.11334705;41.50907052
Bagà;80168;785;43,13;2181;1.86192632;42.25281558
Baix Pallars;250390;591;129,41;344;1.06420985;42.32271538
Balaguer;250404;233;57,32;17597;0.80529735;41.78973778
Balenyà;80174;587;17,35;3999;2.23504376;41.81038158
Balsareny;80180;327;36,91;3325;1.87676564;41.86311546
Banyeres del Penedès;430206;173;12,19;3340;1.58094927;41.27950693
Banyoles;170157;172;11,05;20707;2.76537061;42.11810557
Barbens;250411;283;7,56;908;1.01835755;41.67901524
Barberà de la Conca;430213;475;26,60;480;1.22832391;41.41091585
Barberà del Vallès;82520;146;8,31;33644;2.12459558;41.51608259
Barcelona;80193;9;101,35;1686208;2.17703293;41.38272127
Baronia de Rialb, la;250426;388;145,08;230;1.19657904;41.93152794
Bàscara;170160;66;17,50;1055;2.91044457;42.15973575
Bassella;250447;423;70,25;210;1.29522907;42.00604184
Batea;430228;376;128,41;1881;0.31141383;41.09446232
Bausen;250450;931;17,72;60;0.71688106;42.83466985
Begues;80207;399;50,44;7439;1.92174538;41.33267298
Begur;170139;200;20,66;4227;3.20707321;41.95433766
Belianes;250463;373;15,69;518;1.01751148;41.56172814
Bellaguarda;251706;640;17,14;295;0.73595772;41.33764552
Bellcaire d'Empordà;170182;35;12,64;737;3.09427099;42.08076002
Bellcaire d'Urgell;250479;267;31,38;1226;0.90622482;41.75937145
Bell-lloc d'Urgell;250485;196;34,92;2347;0.77943184;41.62963892
Bellmunt d'Urgell;250498;379;5,11;183;0.95209664;41.7743267
Bellmunt del Priorat;430234;261;8,86;294;0.76674909;41.16525256
Bellprat;80214;653;30,97;69;1.433983;41.5171521
Bellpuig;250501;308;34,98;5246;1.0111537;41.62597958
Bellvei;430249;108;8,27;2409;1.57659235;41.24129715
Bellver de Cerdanya;250518;1061;98,15;2266;1.77435348;42.37065433
Bellvís;250523;207;46,70;2251;0.81747777;41.6718278
Benavent de Segrià;250539;234;7,43;1571;0.63303198;41.6959255
Benifallet;430252;19;62,42;724;0.51780816;40.97390263
Benissanet;430265;26;23,06;1192;0.63459529;41.0567063
Berga;80229;704;22,57;17195;1.84621812;42.10436455
Besalú;170195;151;4,93;2577;2.6995121;42.19889185
Bescanó;170209;102;35,92;5122;2.74216893;41.96560047
Beuda;170216;338;35,91;205;2.70951599;42.23705332
Bigues i Riells del Fai;80235;307;28,64;10035;2.22234828;41.67885098
Biosca;250557;455;66,21;177;1.35874896;41.84227767
Bisbal d'Empordà, la;170221;39;20,62;11637;3.03855032;41.95969679
Bisbal de Falset, la;430271;372;14,14;207;0.72336187;41.28027022
Bisbal del Penedès, la;430287;189;32,54;4183;1.48785618;41.28089741
Biure;172348;81;10,02;225;2.89499888;42.33765799
Blancafort;430290;428;14,48;393;1.1592566;41.4378585
Blanes;170237;13;17,66;41935;2.79240678;41.67576646
Boadella i les Escaules;170293;82;10,78;260;2.85549961;42.33005022
Bolvir;170242;1145;10,34;497;1.87989086;42.41782046
Bonastre;430304;177;24,97;762;1.43989563;41.22080971
Bòrdes, Es;250576;852;21,44;281;0.71925251;42.73801874
Bordils;170255;42;7,32;1801;2.91319148;42.04089788
Borges Blanques, les;250582;304;61,55;6340;1.01936746;41.17201808
Borges del Camp, les;430311;238;8,24;2256;1.01936746;41.17201808
Borrassà;170268;73;9,45;774;2.92630935;42.22279456
Borredà;80240;854;43,45;426;1.99413992;42.13557149
Bossòst;250595;710;28,17;1144;0.69201627;42.78559396
Bot;430326;286;34,94;552;0.38481797;41.00915667
Botarell;430332;196;11,95;1170;0.98901485;41.13605158
Bovera;250560;297;31,12;253;0.63886563;41.32647156
Bràfim;430347;236;6,42;697;1.34129039;41.26874906
Breda;170274;169;5,02;3917;2.55695161;41.74853895
Bruc, el;80253;489;47,20;2293;1.78402283;41.57762008
Brull, el;80266;843;41,03;293;2.30524775;41.81687675
Brunyola i Sant Martí Sapresa;170280;247;36,82;393;2.68479214;41.90520074
Cabacés;430350;358;31,27;301;0.73364864;41.24744464
Cabanabona;250609;421;14,16;65;1.21644865;41.85163381
Cabanelles;170314;194;55,58;280;2.81969804;42.23084786
Cabanes;170307;26;15,02;975;2.97828324;42.30700039
Cabanyes, les;80272;252;1,15;1011;1.6841431;41.3722707
Cabó;250616;768;80,33;91;1.24717219;42.238892
Cabra del Camp;430363;493;26,95;1325;1.2769433;41.39529432
Cabrera d'Anoia;80288;299;17,00;1712;1.70463282;41.47794178
Cabrera de Mar;80291;104;8,98;5014;2.39329734;41.52590085
Cabrils;80305;147;7,05;7764;2.36845048;41.52560018
Cadaqués;170329;23;26,43;2894;3.27586982;42.28808717
Calaf;80312;680;9,22;3595;1.51094406;41.73401913
Calafell;430379;67;20,38;31567;1.56864179;41.20115854
Calders;80348;552;33,09;1114;1.9918776;41.78938243
Caldes d'Estrac;80327;33;0,88;3241;2.52781126;41.57249844
Caldes de Malavella;170335;84;57,33;8445;2.80953723;41.83890036
Caldes de Montbui;80333;203;37,45;18334;2.1629303;41.6344595
Calella;80351;5;8,00;20207;2.65722401;41.61337935
Calldetenes;80370;489;5,80;2690;2.28454034;41.92468966
Callús;80386;260;12,50;2151;1.78413527;41.78127786
Calonge de Segarra;80364;688;37,15;174;1.49318068;41.73983598
Calonge i Sant Antoni;170340;22;33,57;12203;3.07661623;41.86175047
Camarasa;250621;321;157,13;818;0.87788211;41.87513124
Camarles;439039;13;25,16;3428;0.6696731;40.77214068
Cambrils;430385;24;35,21;36686;1.05168805;41.07432745
Camós;170353;168;15,66;713;2.76719933;42.09417139
Campdevànol;170366;738;32,62;3250;2.16721333;42.22446763
Campelles;170372;1303;18,64;165;2.14012805;42.2942297
Campins;80399;321;7,29;609;2.46343094;41.72464353
Campllong;170388;113;8,59;544;2.8300761;41.89075607
Camprodon;170391;947;103,38;2521;2.36507827;42.31174178
Canejan;250637;906;48,32;101;0.73980424;42.83817812
Canet d'Adri;170405;217;44,41;744;2.73702525;42.03342444
Canet de Mar;80403;15;5,56;15135;2.58269724;41.58932479
Canonja, la;439076;50;7,32;5936;1.17909866;41.12341377
Canovelles;80410;175;6,66;17264;2.27717906;41.62183853
Cànoves i Samalús;80425;346;29,19;3309;2.35516814;41.69436199
Cantallops;170412;200;19,62;346;2.92531851;42.42200791
Canyelles;80431;142;14,23;5360;1.72217102;41.28615905
Capafonts;430398;751;13,35;106;1.02752746;41.29497155
Capçanes;430402;223;22,49;426;0.78153729;41.09986043
Capellades;80446;317;2,94;5558;1.68605181;41.53116161
Capmany;170427;107;26,40;691;2.92102316;42.37249324
Capolat;80459;1279;34,13;92;1.75309222;42.07797171
Cardedeu;80462;193;12,10;19091;2.35595316;41.63852816
Cardona;80478;507;66,70;4566;1.68113098;41.91329668
Carme;80484;351;11,68;819;1.62011493;41.53217802
Caseres;430419;324;42,90;240;0.2507661;41.03853899
Cassà de la Selva;170448;137;45,21;10941;2.87423939;41.88738231
Casserres;80497;611;29,46;1675;1.84171215;42.01371242
Castell d'Aro, Platja d'Aro i s'Agaró;170486;5;21,74;12773;3.07063267;41.81743684
Castell de l'Areny;80575;954;24,35;69;1.94537871;42.17318737
Castell de Mur;259046;532;62,42;175;0.8764013;42.0925237
Castellar de la Ribera;250642;657;60,19;144;1.41599913;42.02269313
Castellar de n'Hug;80522;1395;47,12;164;2.01718895;42.28287917
Castellar del Riu;80500;920;32,74;163;1.70891744;42.13159625
Castellar del Vallès;80517;331;44,91;25301;2.08722962;41.61726822
Castellbell i el Vilar;80538;178;28,47;4130;1.86108834;41.63036571
Castellbisbal;80543;132;31,03;12965;1.98055646;41.47490537
Castellcir;80556;773;34,18;778;2.14971647;41.76043865
Castelldans;250674;353;65,10;891;0.76532387;41.49774416
Castelldefels;80569;3;12,87;69196;1.97701006;41.28047213
Castellet i la Gornal;80581;137;47,48;2665;1.58921816;41.25410512
Castellfollit de la Roca;170464;296;0,73;947;2.55007563;42.21926791
Castellfollit de Riubregós;80608;467;26,21;151;1.43822788;41.77617438
Castellfollit del Boix;80594;700;58,90;460;1.68367488;41.66675842
Castellgalí;80615;266;17,21;2339;1.83972002;41.676422
Castellnou de Bages;80620;469;29,16;1430;1.83737149;41.83428249
Castellnou de Seana;250680;269;16,11;728;0.97090731;41.64831782
Castelló d'Empúries;170470;17;42,30;12132;3.07443446;42.25832371
Castelló de Farfanya;250693;358;52,62;543;0.72755023;41.82037039
Castellolí;80636;415;25,28;659;1.70068389;41.59835563
Castellserà;250707;267;15,84;992;0.98695869;41.74690001
Castellterçol;80641;726;31,90;2766;2.12053476;41.75148279
Castellvell del Camp;430424;219;5,21;2991;1.09626892;41.18117702
Castellví de la Marca;80654;198;28,40;1714;1.62094771;41.32654553
Castellví de Rosanes;80667;178;16,38;2098;1.90029141;41.44878533
Catllar, el;430430;59;26,43;5215;1.32625084;41.17538073
Cava;250714;1335;42,19;40;1.585329;42.3257107
Cellera de Ter, la;171899;166;14,63;2013;2.6207366;41.96830412
Celrà;170499;71;19,53;5553;2.87894731;42.02469081
Centelles;80673;496;15,18;7771;2.21907094;41.79750909
Cercs;82687;650;47,35;1193;1.86074923;42.14598452
Cerdanyola del Vallès;82665;82;30,56;57831;2.14057196;41.4913073
Cervelló;80689;122;24,10;9633;1.95910432;41.39610701
Cervera;250729;548;55,19;9553;1.2710202;41.66574175
Cervià de les Garrigues;250735;444;34,20;640;0.85896908;41.42495271
Cervià de Ter;170502;45;9,90;997;2.90965017;42.06771242
Cistella;170519;130;25,55;294;2.84727507;42.26868136
Ciutadilla;250740;519;17,03;194;1.13928451;41.56163552
Clariana de Cardener;250753;500;40,78;160;1.62502833;41.93384621
Cogul, el;250766;279;17,51;162;0.68945469;41.46701995
Colera;170545;10;24,35;490;3.15076621;42.40384875
Coll de Nargó;250772;573;151,41;583;1.31577047;42.17470995
Collbató;80692;388;18,07;4847;1.82816787;41.57028657
Colldejou;430458;431;14,48;161;0.88752063;41.09950399
Collsuspina;80706;901;15,08;390;2.17521281;41.82560516
Colomers;170558;41;4,35;205;2.98759473;42.0841721
Coma i la Pedra, la;251636;1004;60,62;283;1.59134934;42.17560228
Conca de Dalt;251615;507;166,48;435;0.97163744;42.24443678
Conesa;430461;705;29,02;113;1.2912073;41.51858253
Constantí;430477;81;30,87;6921;1.21259244;41.15385445
Copons;80713;432;18,66;352;1.51870774;41.63711085
Corbera d'Ebre;430483;337;53,09;1016;0.47794795;41.07766043
Corbera de Llobregat;80728;342;18,41;15783;1.92304224;41.41779856
Corbins;250788;211;21,01;1483;0.69298982;41.69062161
Corçà;170577;43;16,29;1282;3.01783504;41.98941249
Cornellà de Llobregat;80734;27;6,99;91196;2.07053455;41.35574736
Cornellà del Terri;170561;96;27,71;2394;2.81602089;42.09002599
Cornudella de Montsant;430496;533;63,50;1033;0.90580747;41.26564638
Creixell;430509;48;10,46;4169;1.44069294;41.16774336
Crespià;170583;138;11,38;251;2.79847983;42.18712202
Cruïlles, Monells i Sant Sadurní de l'Heura;179011;110;99,84;1323;3.01219622;41.9564846
Cubelles;80749;12;13,49;17300;1.67237288;41.20831289
Cubells;250791;499;39,17;342;0.95889945;41.85159097
Cunit;430516;10;9,74;15750;1.63446619;41.1984463
Darnius;170600;193;34,93;549;2.83195833;42.36855278
Das;170617;1219;14,58;270;1.87012501;42.36109232
Deltebre;439018;6;107,44;11941;0.73525919;40.71822153
Dosrius;80752;147;40,73;6152;2.40675598;41.59434162
Duesaigües;430537;268;13,58;223;0.93080031;41.14611306
Escala, l';170622;14;16,31;10630;3.13250206;42.12479044
Esparreguera;80765;187;27,40;22499;1.87041161;41.53901438
Espinelves;170638;752;17,43;254;2.41726622;41.86898054
Espluga Calba, l';250812;434;21,53;332;1.00365052;41.4950131
Espluga de Francolí, l';430542;411;56,97;3850;1.10444334;41.39663891
Esplugues de Llobregat;80771;110;4,60;47700;2.08800477;41.37752166
Espolla;170643;124;43,55;412;3.00086564;42.391085
Esponellà;170656;142;16,06;438;2.79507325;42.17893414
Espot;250827;1318;97,30;379;1.08896085;42.57581977
Espunyola, l';80787;803;35,46;263;1.77022229;42.05301563
Esquirol, l';82541;693;61,80;2275;2.37009534;42.03482801
Estamariu;250886;1084;21,16;133;1.52267665;42.37306415
Estany, l';80790;870;10,25;401;2.11230779;41.86897946
Estaràs;250851;596;20,99;162;1.3782537;41.69158635
Esterri d'Àneu;250864;957;8,49;920;1.1222764;42.62864206
Esterri de Cardós;250870;1212;16,55;63;1.26172012;42.59266799
Falset;430555;364;31,62;2875;0.82011839;41.14598035
Far d'Empordà, el;170059;44;9,00;626;2.99623532;42.25167974
Farrera;250899;1294;61,87;128;1.27309862;42.50446939
Fatarella, la;430568;487;56,52;856;0.47325017;41.16236913
Febró, la;430574;754;16,08;36;1.00397576;41.2772877
Figaró-Montmany;81347;330;14,99;1190;2.27420797;41.72350778
Fígols;80804;1154;29,31;42;1.33956335;42.20286242
Fígols i Alinyà;259084;602;101,80;244;1.3410932;42.20335296
Figuera, la;430580;576;18,69;123;0.73146929;41.21617339
Figueres;170669;39;19,30;48670;2.96079686;42.26725303
Figuerola del Camp;430593;474;22,72;346;1.26496538;41.37144108
Flaçà;170675;34;6,53;1145;2.95773531;42.04707389
Flix;430607;47;116,90;3323;0.55017017;41.2319023
Floresta, la;250925;316;5,46;164;0.91958904;41.51038466
Fogars de la Selva;80826;45;32,12;1678;2.67164436;41.73501147
Fogars de Montclús;80811;386;39,72;503;2.44352087;41.72793648
Foixà;170681;85;18,80;291;2.99654593;42.03966126
Folgueroles;80832;552;10,47;2262;2.31893937;41.93868614
Fondarella;250931;243;5,43;807;0.87447412;41.63468324
Fonollosa;80847;525;51,67;1584;1.66869224;41.76339325
Fontanals de Cerdanya;170694;1180;28,65;531;1.90029028;42.38502728
Fontanilles;170708;29;9,28;168;3.10709703;42.00994757
Fontcoberta;170715;207;17,28;1501;2.78908297;42.14295457
Font-rubí;80850;319;37,42;1432;1.65311966;41.41394879
Foradada;250946;455;28,55;200;1.01244569;41.87677525
Forallac;179026;51;50,63;1761;3.05609612;41.96049386
Forès;430614;866;16,03;40;1.23810933;41.49446129
Fornells de la Selva;170736;102;11,86;2780;2.81223766;41.93092034
Fortià;170741;8;10,76;801;3.04070454;42.24200839
Franqueses del Vallès, les;80863;181;29,14;20667;2.300532;41.62892348
Freginals;430629;126;17,59;425;0.52003631;40.67172661
Fuliola, la;250962;275;11,05;1249;1.01852544;41.71301072
Fulleda;250978;581;16,18;92;1.02433158;41.46361526
Gaià;80902;481;39,48;178;1.92564492;41.91649272
Galera, la;430635;112;27,47;717;0.46337346;40.68163896
Gallifa;80879;502;16,33;174;2.11545262;41.69323491
Gandesa;430640;363;71,15;3160;0.43921435;41.052136
Garcia;430653;73;52,37;540;0.65012538;41.13698576
Garidells, els;430666;132;3,07;204;1.2467292;41.20736646
Garriga, la;80885;252;18,80;17277;1.76305595;41.86814344
Garrigàs;170754;101;19,89;470;2.9540785;42.19342361
Garrigoles;170767;92;9,40;186;3.02077174;42.10407368
Garriguella;170773;56;21,01;967;3.06427414;42.34228001
Gavà;80898;9;30,75;47961;2.00333567;41.30315785
Gavet de la Conca;250984;421;90,90;262;0.92040964;42.12336671
Gelida;80919;196;26,70;8078;1.86372445;41.44076893
Ger;170789;1135;33,38;494;1.84421361;42.41076591
Gimenells i el Pla de la Font;259123;258;55,84;1095;0.38718263;41.65345364
Ginestar;430672;26;15,84;800;0.63435551;41.04184318
Girona;170792;70;39,12;106476;2.82466634;41.98319092
Gironella;80924;469;6,78;5072;1.88282994;42.03355593
Gisclareny;80930;1340;36,47;30;1.78671294;42.24992142
Godall;430688;168;33,62;621;0.46973434;40.65506982
Golmés;250997;275;16,62;1913;0.93251836;41.63253599
Gombrèn;170806;919;43,26;197;2.09099664;42.24832693
Gósol;251001;1423;56,29;214;1.66020328;42.23695691
Granada, la;80945;272;6,52;2263;1.71892363;41.37841979
Granadella, la;251018;528;88,70;762;0.66484227;41.35552
Granera;80958;782;23,73;83;2.0566671;41.72544094
Granja d'Escarp, la;251023;78;38,51;941;0.35222509;41.41843885
Granollers;80961;145;14,87;63897;2.28754997;41.60795645
Granyanella;251039;508;24,35;140;1.22816483;41.66579854
Granyena de les Garrigues;251057;366;20,47;164;0.64920665;41.43284447
Granyena de Segarra;251044;636;16,30;147;1.24685752;41.62351083
Gratallops;430691;321;13,52;232;0.77679766;41.19333267
Gualba;80977;177;23,29;1743;2.50188981;41.73155161
Gualta;170813;15;9,02;428;3.10355184;42.02850116
Guardiola de Berguedà;80996;720;61,73;951;1.87918008;42.23347718
Guiamets, els;430705;226;12,14;256;0.75200433;41.10198725
Guils de Cerdanya;170828;1385;22,02;568;1.87940583;42.44853757
Guimerà;251095;555;25,76;249;1.18519725;41.56430098
Guingueta d'Àneu, la;259031;919;108,42;283;1.13133121;42.59494465
Guissona;251109;484;18,10;7586;1.28870621;41.78519066
Guixers;251116;840;66,44;135;1.66625669;42.13274231
Gurb;81000;516;51,57;2711;2.2444015;41.94004888
Horta de Sant Joan;430712;542;118,99;1157;0.31680015;40.95390526
Hospitalet de Llobregat, l';81017;8;12,40;282299;2.09972537;41.35969846
Hostalets de Pierola, els;81629;361;33,49;3232;1.7693725;41.53475859
Hostalric;170834;189;3,39;4443;2.63683667;41.74599253
Igualada;81022;313;8,11;41755;1.61722895;41.57868132
Isona i Conca Dellà;251155;659;139,37;1042;1.04878348;42.11776356
Isòvol;170849;1088;10,81;330;1.83861654;42.39834312
Ivars d'Urgell;251137;265;24,32;1591;0.98567646;41.68291349
Ivars de Noguera;251121;314;27,14;319;0.5858797;41.85017882
Ivorra;251142;567;15,36;102;1.39565748;41.77202373
Jafre;170852;44;6,64;387;3.01061708;42.07197571
Jonquera, la;170865;110;56,93;3361;2.8742563;42.41741551
Jorba;81038;380;30,90;827;1.54743915;41.60189934
Josa i Tuixén;259101;1206;68,16;123;1.56754185;42.23063594
Juià;170871;94;8,36;345;2.90679884;42.01711737
Juncosa;251180;575;76,49;389;0.77536977;41.37156183
Juneda;251193;264;47,33;3523;0.82509368;41.54944687
Les;251214;634;23,45;1031;0.71045741;42.81008921
Linyola;251229;248;28,66;2737;0.90467345;41.71071947
Llacuna, la;81043;615;52,23;984;1.5337889;41.47257065
Lladó;170887;197;13,50;828;2.81380313;42.24760608
Lladorre;251235;1052;146,98;254;1.24950341;42.62110257
Lladurs;251240;834;128,03;185;1.50825066;42.04466665
Llagosta, la;81056;45;3,03;13070;2.19296699;41.51291665
Llagostera;170890;160;76,38;9486;2.89201713;41.82891255
Llambilles;170904;143;14,58;728;2.8595106;41.92110342
Llanars;170911;983;24,73;515;2.34398894;42.32044312
Llançà;170926;4;27,98;5048;3.16167556;42.36976614
Llardecans;251253;397;66,04;427;0.55005158;41.37403299
Llavorsí;251266;811;68,51;336;1.21116726;42.49568179
Lleida;251207;155;212,30;144878;0.62664877;41.61481376
Llers;170932;142;21,28;1262;2.91235321;42.29540888
Lles de Cerdanya;251272;1471;102,79;288;1.68755244;42.39033689
Lliçà d'Amunt;81075;145;22,33;16225;2.23801042;41.61109238
Lliçà de Vall;81081;125;10,83;6858;2.2395559;41.58599828
Llimiana;251288;790;41,68;132;0.91615392;42.07496634
Llinars del Vallès;81069;198;27,63;10699;2.40445682;41.63898605
Llívia;170947;1224;12,93;1561;1.98085535;42.46447483
Lloar, el;430727;219;6,64;100;0.75091036;41.18593231
Llobera;251291;855;39,23;208;1.4630824;41.92224252
Llorac;430733;648;23,33;102;1.3075185;41.55656078
Llorenç del Penedès;430748;162;4,61;2422;1.55313474;41.28291792
Lloret de Mar;170950;5;48,71;42134;2.84716747;41.69946593
Llosses, les;170963;895;114,02;199;2.1077773;42.1506733
Lluçà;81094;745;52,98;289;2.07368239;42.06718427
Maçanet de Cabrenys;171024;370;67,91;775;2.7480676;42.38593602
Maçanet de la Selva;171030;100;45,58;7972;2.73083631;41.77744856
Madremanya;170979;177;13,72;288;2.95724014;41.99007438
Maià de Montcal;170985;241;17,29;488;2.74212925;42.22232304
Maials;251333;395;57,08;916;0.50437408;41.36481356
Maldà;251305;428;31,36;239;1.04007727;41.5509404
Malgrat de Mar;81108;4;8,82;19270;2.74186834;41.64616227
Malla;81115;580;11,01;274;2.23464815;41.88706568
Manlleu;81120;461;17,17;21291;2.28395858;42.00103541
Manresa;81136;238;41,64;79737;1.82699748;41.72326357
Marçà;430764;315;16,06;599;0.8002487;41.12609573
Margalef;430751;379;34,66;108;0.75399188;41.28441909
Marganell;82423;291;13,53;310;1.78931916;41.64096729
Martorell;81141;56;12,76;28483;1.93062547;41.47442
Martorelles;81154;96;3,61;4984;2.24326295;41.52552477
Mas de Barberans;430770;348;78,80;546;0.3739144;40.7346886
Masarac i Vilarnadal;171002;85;12,55;296;2.97277568;42.35072191
Masdenverge;430786;54;14,61;1149;0.53103537;40.7158048
Masies de Roda, les;81167;468;16,46;749;2.31759977;41.98979005
Masies de Voltregà, les;81173;533;22,35;3292;2.31759977;41.98979005
Masllorenç;430799;304;6,55;567;1.41442794;41.26927629
Masnou, el;81189;27;3,39;24444;2.31634451;41.47922682
Masó, la;430803;115;3,57;288;1.22280346;41.23488635
Maspujols;430810;214;3,66;893;1.04580937;41.18179331
Masquefa;81192;257;17,06;10020;1.81102269;41.50219584
Masroig, el;430825;192;15,51;480;0.73147298;41.12654356
Massalcoreig;251312;94;14,14;576;0.35906271;41.45916494
Massanes;171019;164;26,07;843;2.65177868;41.76590217
Massoteres;251327;502;26,11;212;1.31073827;41.79748635
Matadepera;81206;423;25,36;9863;2.02640564;41.59681926
Mataró;81213;28;22,53;130887;2.44625862;41.54082572
Mediona;81228;430;47,55;2632;1.61290158;41.47667401
Menàrguens;251348;205;20,25;793;0.74355645;41.72959749
Meranges;170998;1539;37,34;111;1.78686867;42.44618451
Mieres;171058;286;26,29;348;2.63812532;42.12305622
Milà, el;430831;166;4,13;197;1.20662967;41.24790683
Miralcamp;251351;287;14,87;1389;0.87895356;41.60528225
Miravet;430846;43;32,33;683;0.59757147;41.03791956
Moià;81385;717;75,31;6715;2.09714449;41.81305607
Molar, el;430859;228;22,81;308;0.70585163;41.16493018
Molins de Rei;81234;37;15,94;26930;2.01589375;41.41390212
Mollerussa;251370;250;7,08;15680;0.89369683;41.62983524
Mollet de Peralada;171061;59;6,04;215;2.99977438;42.35980952
Mollet del Vallès;81249;65;10,77;52045;2.21104586;41.53632896
Molló;171077;1182;43,09;373;2.40461091;42.34677496
Molsosa, la;251364;667;26,89;105;1.54424445;41.78570609
Monistrol de Calders;81287;447;21,97;762;2.01387011;41.75984805
Monistrol de Montserrat;81271;161;11,77;3188;1.84249509;41.60962346
Montagut i Oix;171096;276;93,70;1002;2.59763689;42.23081244
Montblanc;430862;350;91,07;7539;1.16149917;41.37656212
Montbrió del Camp;430884;132;10,70;3137;1.00351945;41.12072351
Montcada i Reixac;81252;36;23,47;37096;2.18746507;41.48468897
Montclar;81304;728;21,89;132;1.76544036;42.01818178
Montellà i Martinet;251399;967;54,95;619;1.69677447;42.36146297
Montesquiu;81311;577;4,94;1095;2.20974819;42.10999187
Montferrer i Castellbò;251403;732;176,66;1163;1.42780351;42.3419576
Montferri;430897;229;19,15;473;1.36577974;41.26565947
Montgai;251386;286;28,94;640;0.96100772;41.79986039
Montgat;81265;20;2,91;12646;2.27905845;41.46660361
Montmajor;81326;756;76,49;474;1.73513951;42.01764703
Montmaneu;81332;709;13,62;200;1.41461147;41.62566469
Montmell, el;430901;429;72,80;1916;1.45248456;41.31482135
Montmeló;81350;72;4,00;8887;2.2480687;41.5515773
Montoliu de Lleida;251425;166;7,34;477;0.58890293;41.56056712
Montoliu de Segarra;251410;689;29,47;181;1.27011198;41.59009783
Montornès de Segarra;251431;605;12,32;88;1.22956779;41.60074472
Montornès del Vallès;81363;116;10,23;17039;2.26621299;41.54490132
Mont-ral;430918;888;34,72;185;1.09693663;41.28683328
Mont-ras;171100;88;12,31;1691;3.14323029;41.90915377
Mont-roig del Camp;430923;120;63,32;14185;0.95776992;41.08825086
Montseny;81379;528;26,77;379;2.39490999;41.75915813
Móra d'Ebre;430939;38;45,12;5739;0.64112437;41.09251052
Móra la Nova;430944;31;15,93;3309;0.65085304;41.09994376
Morell, el;430957;104;5,94;3851;1.20887562;41.1921918
Morera de Montsant, la;430960;743;52,88;144;0.84181948;41.26495766
Muntanyola;81290;807;40,30;712;2.17782906;41.87828837
Mura;81398;454;47,79;232;1.97620504;41.69957261
Nalec;251459;487;9,25;89;1.1151682;41.56018116
Naut Aran;250254;1267;255,75;1896;0.89855998;42.70729424
Navarcles;81402;269;5,52;6158;1.90375655;41.7516175
Navàs;81419;370;80,62;6183;1.87891821;41.89994691
Navata;171117;145;18,48;1466;2.86068314;42.22377296
Navès;251462;610;145,27;302;1.64011243;41.99079698
Nou de Berguedà, la;81424;876;25,01;163;1.8848739;42.16576061
Nou de Gaià, la;430976;93;4,32;611;1.37376024;41.18298618
Nulles;430982;231;10,61;557;1.29519999;41.24931204
Odèn;251484;1130;114,38;231;1.38666817;42.13394847
Òdena;81430;421;52,66;3695;1.64239663;41.6063498
Ogassa;171122;951;45,22;218;2.27685224;42.26595005
Olèrdola;81458;189;30,15;3938;1.72390499;41.31911158
Olesa de Bonesvalls;81461;265;30,79;2092;1.85052529;41.35179497
Olesa de Montserrat;81477;124;16,63;24703;1.89309542;41.5455928
Oliana;251497;469;32,37;1828;1.31470046;42.06490074
Oliola;251500;452;86,28;195;1.17370938;41.87565789
Olius;251517;742;54,84;1003;1.55971222;41.97823203
Olivella;81483;211;38,75;4452;1.81098999;41.31039901
Olost;81496;572;29,37;1213;2.095915;41.98602723
Olot;171143;443;29,03;38836;2.48974086;42.18257737
Oluges, les;251522;528;18,95;165;1.3143015;41.6977896
Olvan;81445;553;35,58;910;1.90498012;42.05707803
Omellons, els;251538;385;11,06;189;0.95947905;41.50147978
Omells de na Gaia, els;251543;560;13,48;121;1.07488841;41.49987078
Ordis;171156;98;8,55;396;2.90673999;42.2186167
Organyà;251556;558;12,53;809;1.32855282;42.21109576
Orís;81509;576;27,17;349;2.23854688;42.05867942
Oristà;81516;468;68,49;571;2.06073698;41.93224773
Orpí;81521;375;15,23;179;1.60751597;41.52896534
Òrrius;81537;259;5,66;806;2.35475893;41.55510485
Os de Balaguer;251569;463;135,96;1072;0.71861622;41.87132011
Osor;171169;340;52,07;422;2.55748815;41.9454702
Ossó de Sió;251575;391;26,29;195;1.15943445;41.75488006
Pacs del Penedès;81542;201;6,27;943;1.66948616;41.36200398
Palafolls;81555;16;16,56;9933;2.7493786;41.66696309
Palafrugell;171175;64;26,88;24245;3.16403851;41.91484048
Palamós;171181;12;13,98;18619;3.1293782;41.84678773
Palau d'Anglesola, el;251581;250;12,27;2200;0.88017925;41.65172257
Palau de Santa Eulàlia;171194;86;8,44;136;2.96612559;42.17360773
Palau-sator;171215;20;12,39;305;3.1105158;41.98936752
Palau-saverdera;171208;78;16,45;1498;3.1500171;42.30804154
Palau-solità i Plegamans;81568;130;14,93;15444;2.1785704;41.58737774
Pallaresos, els;431009;120;5,13;5018;1.2695281;41.17517033
Pallejà;81574;41;8,30;11811;1.99661493;41.42143062
Palma d'Ebre, la;430995;335;37,92;335;0.66616838;41.28287158
Palma de Cervelló, la;89058;100;5,46;3048;1.97012374;41.41189629
Palol de Revardit;171236;152;17,98;467;2.79619921;42.06988379
Pals;171241;55;25,83;2583;3.144941;41.97099258
Papiol, el;81580;135;8,95;4358;2.0106203;41.43899897
Pardines;171254;1226;31,05;161;2.21352554;42.31222041
Parets del Vallès;81593;98;9,12;18879;2.23437494;41.57305833
Parlavà;171267;40;6,18;429;3.02992841;42.02214449
Passanant i Belltall;431016;714;27,35;162;1.19893879;41.5313751
Pau;171289;33;10,70;590;3.11616897;42.31581559
Paüls;431021;378;43,83;543;0.40036181;40.92243962
Pedret i Marzà;171292;22;8,65;188;3.06877517;42.31053197
Penelles;251641;276;25,51;435;0.9655759;41.75760239
Pera, la;171306;93;11,54;452;2.97331454;42.02041259
Perafita;81607;754;19,59;438;2.10679646;42.04226209
Perafort;431037;125;9,54;1319;1.25532033;41.19107295
Peralada;171328;32;43,61;2047;3.00813924;42.30824132
Peramola;251654;566;56,17;349;1.26780131;42.05717298
Perelló, el;431042;142;100,67;2933;0.71237616;40.87548015
Piera;81614;324;57,20;17560;1.74255626;41.517654
Piles, les;431055;676;22,39;230;0.67256442;42.82282391
Pineda de Mar;81635;10;10,74;29415;2.68933847;41.62744221
Pinell de Brai, el;431068;189;56,99;975;0.51439464;41.01546909
Pinell de Solsonès;251667;800;91,11;203;1.41825455;41.95179847
Pinós;251673;823;104,32;277;1.53993191;41.83795747
Pira;431074;385;8,01;499;1.20194707;41.42395088
Pla de Santa Maria, el;431080;381;34,99;2391;1.28885286;41.36562491
Pla del Penedès, el;81640;216;9,56;1352;1.71294661;41.41750955
Planes d'Hostoles, les;171334;370;37,50;1748;2.09904584;42.31799393
Planoles;171349;1136;18,75;306;2.10376924;42.3162826
Plans de Sió, els;259118;412;55,89;521;1.19879659;41.76196725
Poal, el;251689;216;8,88;652;0.85674742;41.67816923
Pobla de Cérvoles, la;251692;663;61,92;209;0.91552276;41.36770867
Pobla de Claramunt, la;81653;265;18,54;2356;1.6747808;41.55420472
Pobla de Lillet, la;81666;843;51,45;1107;1.97416158;42.24414917
Pobla de Mafumet, la;431093;98;6,21;4127;1.20970596;41.18757799
Pobla de Massaluca, la;431107;357;43,40;344;0.35376161;41.18025791
Pobla de Montornès, la;431114;56;12,29;3357;1.41483697;41.17676428
Pobla de Segur, la;251713;524;32,83;3043;0.96885546;42.24982897
Poboleda;431129;343;13,95;333;0.84488515;41.2334098
Polinyà;81672;123;8,79;8559;2.1565587;41.55763252
Pont d'Armentera, el;431135;349;21,67;498;1.36280536;41.38367444
Pont de Bar, el;250306;861;42,62;165;1.60516957;42.37233599
Pont de Molins;171352;43;8,66;572;2.92569076;42.31459121
Pont de Suert, el;251734;838;148,14;2415;0.74024299;42.40765539
Pont de Vilomara i Rocafort, el;81825;202;27,41;4139;1.87379216;41.6983699
Pontils;431418;551;67,56;123;1.38780874;41.47726612
Pontons;81688;584;25,94;518;1.51682734;41.41563199
Pontós;171365;94;13,66;289;2.91656667;42.18665597
Ponts;251728;363;30,52;2670;1.18619719;41.91567944
Porqueres;171371;148;33,52;4782;2.78257837;42.10876804
Porrera;431140;316;28,83;417;0.85604696;41.18895871
Port de la Selva, el;171404;12;41,62;1058;3.20472154;42.33843077
Portbou;171387;28;9,22;1082;3.15860615;42.42586273
Portella, la;251749;259;12,31;723;0.63932094;41.73988949
Pradell de la Teixeta;431153;463;21,83;178;0.87589296;41.15696236
Prades;431166;950;32,58;671;0.98792525;41.30962174
Prat de Comte;431172;363;26,43;188;0.4052349;40.98377531
Prat de Llobregat, el;81691;8;31,41;65910;2.09310327;41.33051298
Pratdip;431188;245;36,27;763;0.87094461;41.05081868
Prats de Lluçanès;81712;707;13,78;2696;2.02955803;42.00897465
Prats de Rei, els;81705;608;26,06;554;1.541727;41.7054294
Prats i Sansor;251752;1124;6,57;254;1.83700934;42.36605817
Preixana;251765;328;21,52;404;1.03764484;41.60778066
Preixens;251771;315;28,67;390;1.05064832;41.79405228
Premià de Dalt;82303;142;6,57;10574;2.34197767;41.50727392
Premià de Mar;81727;8;2,11;28928;2.35810744;41.49239183
Preses, les;171390;474;9,39;1924;2.4525789;42.1445838
Prullans;251790;1096;21,21;252;1.73674864;42.37887292
Puigcerdà;171411;1202;18,92;10041;1.92716471;42.43123876
Puigdàlber;81748;239;0,40;629;1.70090791;41.40440678
Puiggròs;251804;334;9,90;257;0.88999581;41.55053379
Puigpelat;431191;252;9,48;1208;1.2969147;41.27988739
Puig-reig;81751;455;45,75;4482;1.87883777;41.97473919
Puigverd d'Agramunt;251811;366;17,00;247;1.12203495;41.7772783
Puigverd de Lleida;251826;219;12,51;1417;0.73303042;41.54330308
Pujalt;81764;770;31,43;212;1.42082507;41.71714385
Quar, la;81770;885;38,25;44;1.96165012;42.08101611
Quart;171426;91;38,09;4099;2.83987194;41.93979289
Queralbs;170433;1236;93,47;206;2.16274608;42.34858308
Querol;431205;565;72,26;595;1.3970247;41.42293332
Rabós;171432;106;45,10;239;3.028525;42.37906431
Rajadell;81786;361;45,53;594;1.70601646;41.72804121
Ràpita, la;431362;11;53,72;15802;0.59281737;40.62005243
Rasquera;431212;174;51,31;796;0.59748747;41.00147842
Regencós;171447;78;6,27;279;3.16989002;41.95244586
Rellinars;81799;322;17,79;920;1.91081149;41.63735289
Renau;431227;175;8,22;158;1.31119271;41.2247584
Reus;431233;117;52,82;109961;1.10876299;41.15510545
Rialp;251832;725;63,30;663;1.13476576;42.44413234
Riba, la;431248;263;7,99;568;1.17803191;41.31825095
Riba-roja d'Ebre;431251;76;99,14;1126;0.4876126;41.25070535
Ribera d'Ondara;259059;570;54,47;454;1.34181894;41.62541972
Ribera d'Urgellet;251850;702;106,96;960;1.38447102;42.31220906
Ribes de Freser;171450;912;41,87;1846;2.16763829;42.30616628
Riells i Viabrea;171463;96;26,98;4497;2.55896728;41.72690339
Riera de Gaià, la;431264;28;8,76;1806;1.36168165;41.16485586
Riner;251863;830;47,10;264;1.52461678;41.91393421
Ripoll;171479;691;73,71;10773;2.19058714;42.20086676
Ripollet;81803;79;4,33;39430;2.15508157;41.4971052
Riu de Cerdanya;259139;1173;12,34;99;1.82603103;42.34522084
Riudarenes;171485;84;47,60;2444;2.71704512;41.82258709
Riudaura;171498;572;23,60;528;2.40680337;42.18857199
Riudecanyes;431270;195;17,10;1359;0.96067633;41.13016713
Riudecols;431286;299;19,46;1248;0.97604743;41.16851499
Riudellots de la Selva;171501;98;13,13;2128;2.80329624;41.89281813
Riudoms;431299;125;32,43;6954;1.0515193;41.13889158
Riumors;171518;7;6,54;264;3.04212404;42.22730033
Roca del Vallès, la;81810;123;36,90;10956;2.32570742;41.58743709
Rocafort de Queralt;431303;566;8,47;246;1.28149514;41.47803104
Roda de Berà;431310;57;16,50;8027;1.45440038;41.18597877
Roda de Ter;81831;443;2,23;6883;2.30940725;41.98100878
Rodonyà;431325;312;8,49;522;1.39906177;41.2798289
Roquetes;431331;14;136,92;8374;0.5029873;40.82039286
Roses;171523;5;45,91;20255;3.17788689;42.26219149
Rosselló;251898;252;9,92;3353;0.59523397;41.69328751
Rourell, el;431346;114;2,32;403;1.21829517;41.22401222
Rubí;81846;123;32,30;81523;2.0311536;41.49230826
Rubió;81859;629;48,00;240;1.56996915;41.64445395
Rupià;171539;66;5,29;329;3.01085865;42.02041743
Rupit i Pruit;89019;822;47,81;281;2.46595415;42.02375699
Sabadell;81878;190;37,79;221564;2.10827649;41.54622002
Sagàs;81884;738;44,60;154;1.96300878;42.05192662
Salàs de Pallars;251902;573;20,27;354;0.93147959;42.21276002
Saldes;81901;1215;66,40;300;1.73538519;42.22865905
Sales de Llierca;171544;260;35,82;157;2.64981914;42.23562149
Sallent;81918;278;65,22;6932;1.89650419;41.82435229
Salomó;431359;165;12,21;530;1.37458856;41.22942496
Salou;439057;2;15,13;30442;1.13422667;41.08147166
Salt;171557;83;6,64;33946;2.79307844;41.97448262
Sanaüja;251919;409;32,99;387;1.31080166;41.87629584
Sant Adrià de Besòs;81944;14;3,82;38672;2.21817353;41.43058547
Sant Agustí de Lluçanès;81957;816;13,26;108;2.12738896;42.08500386
Sant Andreu de la Barca;81960;42;5,50;27039;1.97555665;41.44681571
Sant Andreu de Llavaneres;81976;114;11,83;11942;2.48326769;41.57442153
Sant Andreu Salou;171576;132;5,96;173;2.82540283;41.87353535
Sant Aniol de Finestres;171833;289;47,73;372;2.61651315;42.06219061
Sant Antoni de Vilamajor;81982;258;13,70;6654;2.40122523;41.67353114
Sant Bartomeu del Grau;81995;868;34,40;939;2.17485796;41.98104603
Sant Boi de Llobregat;82009;30;21,47;84588;2.04521098;41.3467777
Sant Boi de Lluçanès;82016;813;19,48;574;2.15186684;42.05712634
Sant Cebrià de Vallalta;82037;71;15,80;3812;2.59965964;41.61975382
Sant Celoni;82021;152;65,23;18708;2.49200974;41.68997482
Sant Climent de Llobregat;82042;87;10,81;4181;1.99603571;41.3376746
Sant Climent Sescebes;171582;86;24,37;675;2.98050335;42.36878189
Sant Cugat del Vallès;82055;124;48,23;98649;2.08493016;41.47080529
Sant Cugat Sesgarrigues;82068;266;6,24;1028;1.75282996;41.36437239
Sant Esteve de la Sarga;251961;875;92,87;124;0.76369015;42.07963459
Sant Esteve de Palautordera;82074;231;10,64;3081;2.43682078;41.70255129
Sant Esteve Sesrovires;82080;183;18,56;8039;1.87384233;41.49344352
Sant Feliu de Buixalleu;171595;402;61,94;878;2.60758858;41.73539009
Sant Feliu de Codines;82107;480;15,00;6624;2.16407998;41.68884482
Sant Feliu de Guíxols;171609;4;16,23;22934;3.02860721;41.78038557
Sant Feliu de Llobregat;82114;25;11,82;46381;2.04555205;41.38089988
Sant Feliu de Pallerols;171616;473;34,86;1670;2.50702418;42.07557918
Sant Feliu Sasserra;82129;617;22,36;629;2.02242885;41.94437798
Sant Ferriol;171621;146;42,24;236;2.71553086;42.19254999
Sant Fost de Campsentelles;82093;112;13,15;9196;2.23260277;41.51879754
Sant Fruitós de Bages;82135;247;22,29;9225;1.87369718;41.75083128
Sant Gregori;171637;112;49,17;4244;2.76017203;41.99070008
Sant Guim de Freixenet;251924;738;25,10;1214;1.41859109;41.65566775
Sant Guim de la Plana;251977;556;12,45;195;1.32407652;41.76294143
Sant Hilari Sacalm;171642;803;83,28;5969;2.50876389;41.87917761
Sant Hipòlit de Voltregà;82153;536;0,92;3684;2.23642223;42.01533257
Sant Iscle de Vallalta;81939;129;17,77;1463;2.56872266;41.62442404
Sant Jaume d'Enveja;439023;7;60,79;3671;0.7194703;40.70705095
Sant Jaume de Frontanyà;82166;1072;21,26;26;2.02378997;42.1872868
Sant Jaume de Llierca;171655;203;6,75;851;2.60858458;42.21286339
Sant Jaume dels Domenys;431378;213;24,45;2806;1.5589292;41.29928078
Sant Joan de les Abadesses;171674;773;53,67;3373;2.28482195;42.23277865
Sant Joan de Mollet;171680;54;3,15;526;2.94271891;42.04566964
Sant Joan de Vilatorrada;82188;277;16,43;10972;1.80485938;41.74548484
Sant Joan Despí;82172;10;6,17;35012;2.0560405;41.36702731
Sant Joan les Fonts;171851;342;31,94;3103;2.51177967;42.21264488
Sant Jordi Desvalls;171668;57;11,72;867;2.95383269;42.07206418
Sant Julià de Cerdanyola;89030;954;11,79;231;1.89284723;42.2236694
Sant Julià de Ramis;171693;128;18,80;3639;2.83958565;42.03454082
Sant Julià de Vilatorta;82205;600;15,94;3300;2.32509897;41.92192644
Sant Julià del Llor i Bonmatí;179032;160;9,73;1387;2.66106423;41.97225991
Sant Just Desvern;82212;122;7,81;20815;2.07576635;41.38598599
Sant Llorenç d'Hortons;82227;196;19,72;2617;1.82450866;41.46711499
Sant Llorenç de la Muga;171714;173;31,84;258;2.78955524;42.31998556
Sant Llorenç de Morunys;251930;925;4,34;1000;1.59189296;42.13703473
Sant Llorenç Savall;82233;466;41,11;2580;2.05830997;41.67872541
Sant Martí d'Albars;82251;629;14,73;140;2.07387292;42.02826715
Sant Martí de Centelles;82248;404;25,55;1260;2.24775225;41.76209368
Sant Martí de Llémena;171729;256;43,13;705;2.64753273;42.0363959
Sant Martí de Riucorb;259025;409;34,90;675;1.05223562;41.55994115
Sant Martí de Tous;82264;465;39,21;1273;1.52453705;41.55986864
Sant Martí Sarroca;82270;291;35,27;3385;1.61153466;41.38477018
Sant Martí Sesgueioles;82286;646;3,87;360;1.48829949;41.70230578
Sant Martí Vell;171735;65;17,52;262;2.93108788;42.01977806
Sant Mateu de Bages;82299;569;102,92;637;1.73273204;41.79665278
Sant Miquel de Campmajor;171740;217;33,22;250;2.68445945;42.12601201
Sant Miquel de Fluvià;171753;28;3,51;840;2.99170439;42.17196777
Sant Mori;171766;51;7,53;164;2.99076714;42.15377592
Sant Pau de Segúries;171772;867;8,74;722;2.36492229;42.26086051
Sant Pere de Ribes;82310;44;40,80;32006;1.77209081;41.26226838
Sant Pere de Riudebitlles;82325;246;5,38;2495;1.70299378;41.45402409
Sant Pere de Torelló;82331;621;55,13;2596;2.29679134;42.07501464
Sant Pere de Vilamajor;82346;305;34,72;4923;2.38837365;41.68414842
Sant Pere Pescador;171788;5;18,45;2207;3.08196013;42.18815677
Sant Pere Sallavinera;81897;588;22,02;158;1.57537149;41.73669107
Sant Pol de Mar;82359;15;7,53;5810;2.62142271;41.60020983
Sant Quintí de Mediona;82362;326;13,84;2511;1.66297196;41.46218122
Sant Quirze de Besora;82378;587;8,12;2127;2.22283148;42.1001594
Sant Quirze del Vallès;82384;188;14,07;20110;2.08078922;41.53310365
Sant Quirze Safaja;82397;627;26,21;671;2.15500825;41.72798942
Sant Ramon;251945;641;18,53;495;1.35790263;41.72453272
Sant Sadurní d'Anoia;82401;162;18,96;12915;1.78653904;41.42409692
Sant Sadurní d'Osormort;82418;531;30,60;85;2.38148557;41.90191777
Sant Salvador de Guardiola;80983;334;37,15;3478;1.76694739;41.67944747
Sant Vicenç de Castellet;82628;176;17,13;10131;1.86388274;41.66551791
Sant Vicenç de Montalt;82649;143;8,05;6725;2.50933145;41.57833381
Sant Vicenç de Torelló;82652;555;7,04;2090;2.27377438;42.06143523
Sant Vicenç dels Horts;82634;22;9,12;28595;2.00998304;41.3933921
Santa Bàrbara;431384;79;28,15;3819;0.49241299;40.7145205
Santa Cecília de Voltregà;82439;519;8,63;192;2.22228684;41.99314229
Santa Coloma de Cervelló;82444;73;7,49;8334;2.01579415;41.36740424
Santa Coloma de Farners;171805;142;70,64;13874;2.66265205;41.8640765
Santa Coloma de Gramenet;82457;56;7,00;120903;2.20813616;41.451786
Santa Coloma de Queralt;431397;674;33,85;2823;1.3838885;41.5324225
Santa Cristina d'Aro;171812;30;67,55;5833;2.99634843;41.81268616
Santa Eugènia de Berga;82460;538;7,01;2300;2.28316154;41.90018835
Santa Eulàlia de Riuprimer;82476;568;13,82;1486;2.18812044;41.91101118
Santa Eulàlia de Ronçana;82482;236;14,23;7916;2.22175178;41.65618933
Santa Fe del Penedès;82495;240;3,41;360;1.72094707;41.38454505
Santa Llogaia d'Àlguema;171827;42;1,94;400;2.95201976;42.23332856
Santa Margarida de Montbui;82508;316;27,59;10519;1.60775385;41.57515673
Santa Margarida i els Monjos;82515;161;17,16;7718;1.66644288;41.32556937
Santa Maria d'Oló;82589;542;66,21;1078;2.03560502;41.87381948
Santa Maria de Besora;82536;866;24,73;164;2.25791133;42.12681149
Santa Maria de Martorelles;82567;181;4,51;872;2.25326029;41.51961737
Santa Maria de Merlès;82554;532;52,08;175;1.97803769;42.00101562
Santa Maria de Miralles;82573;543;25,04;137;1.52498968;41.5180786
Santa Maria de Palautordera;82592;208;16,94;9994;2.44588783;41.69323754
Santa Oliva;431401;101;9,65;3679;1.55069958;41.25311797
Santa Pau;171848;496;49,01;1610;2.57136437;42.14426939
Santa Perpètua de Mogoda;82606;74;15,83;25936;2.18317016;41.53491925
Santa Susanna;82613;10;12,63;3999;2.70754967;41.63542112
Santpedor;81923;336;16,50;7707;1.83920226;41.78306992
Sarral;431423;467;52,39;1588;1.24857885;41.44460279
Sarrià de Ter;171864;70;4,16;5378;2.82543811;42.01847569
Sarroca de Bellera;252017;1002;87,51;114;0.88127286;42.35972014
Sarroca de Lleida;252000;201;42,18;381;0.56205425;41.4584344
Saus, Camallera i Llampaies;171870;86;11,36;908;2.97637241;42.13269852
Savallà del Comtat;431439;825;14,80;48;1.29893234;41.543117
Secuita, la;431444;169;17,77;1828;1.2795936;41.20464645
Selva de Mar, la;171886;48;7,19;220;3.18647293;42.32448788
Selva del Camp, la;431457;246;35,31;5839;1.1370834;41.21534896
Senan;431460;652;11,70;46;1.08842598;41.46995053
Sénia, la;430445;369;108,41;5618;0.2860934;40.63308091
Senterada;252022;729;34,45;157;0.93745115;42.32493948
Sentiu de Sió, la;250352;281;29,62;454;0.87845738;41.80480475
Sentmenat;82671;207;28,80;9523;2.13542787;41.60866493
Serinyà;171903;188;17,38;1196;2.74439258;42.16906301
Seròs;252043;103;85,75;1890;0.40955225;41.46329226
Serra de Daró;171910;15;7,91;231;3.07206737;42.02833404
Setcases;171925;1265;49,12;192;2.30117955;42.37537123
Seu d'Urgell, la;252038;691;15,45;12759;1.46201318;42.35816328
Seva;82690;663;30,40;3801;2.27982441;41.83885381
Sidamon;252056;232;8,12;769;0.83200515;41.6292898
Sils;171931;76;29,91;6706;2.74293402;41.81082984
Sitges;82704;10;43,85;32496;1.81161815;41.23490749
Siurana;170524;33;10,53;177;2.99411003;42.20947449
Sobremunt;82711;881;13,80;101;2.16695209;42.03603896
Soleràs, el;252069;381;12,23;317;0.68165937;41.4130345
Solivella;431476;489;21,37;627;1.17761051;41.45600422
Solsona;252075;664;17,70;9393;1.51817765;41.99434845
Sora;82726;716;31,71;219;2.16057603;42.11252428
Soriguera;252081;1258;106,39;447;1.1610577;42.38032834
Sort;252094;692;105,05;2258;1.12982187;42.41113456
Soses;252108;118;30,16;1870;0.48748938;41.53314601
Subirats;82732;243;55,89;3287;1.79835787;41.38279428
Sudanell;252115;152;8,69;897;0.56723247;41.55761331
Sunyer;252120;211;12,66;306;0.59301841;41.52325812
Súria;82747;326;23,60;6072;1.75430906;41.83124125
Susqueda;171946;816;50,61;95;2.5445419;42.01404985
Tagamanent;82763;354;43,31;339;2.26712139;41.73763253
Talamanca;82779;552;29,43;212;1.97724973;41.7381573
Talarn;252154;572;27,95;541;0.90018508;42.18554866
Talavera;252167;791;30,11;285;1.33820368;41.58205381
Tallada d'Empordà, la;171959;20;16,56;476;3.05523169;42.08060748
Taradell;82785;623;26,48;6828;2.28757001;41.87413939
Tarragona;431482;68;57,89;141018;1.25533049;41.1169279
Tàrrega;252173;373;88,36;18570;1.13936906;41.64640453
Tarrés;252189;578;13,01;125;1.01964806;41.42257038
Tarroja de Segarra;252192;460;7,61;172;1.27424806;41.73044795
Tavèrnoles;82750;537;18,78;341;2.32649256;41.95207149
Tavertet;82802;869;32,49;131;2.41926916;41.99572979
Teià;82819;128;6,63;6812;2.31952313;41.49963426
Térmens;252206;208;27,54;1344;0.76056343;41.71746482
Terrades;171962;228;20,96;342;2.83978536;42.31039267
Terrassa;82798;277;70,16;228294;2.01033346;41.5634155
Tiana;82824;136;7,95;9323;2.26890268;41.48189047
Tírvia;252213;991;8,50;144;1.24297135;42.51509051
Tiurana;252228;387;15,86;67;1.25558203;41.97582541
Tivenys;431495;13;53,54;937;0.51244893;40.90733424
Tivissa;431508;309;209,43;1624;0.73198956;41.04330676
Tona;82830;596;16,54;8499;2.22856113;41.85031212
Torà;252234;448;93,31;1253;1.40277661;41.81276729
Tordera;82845;34;83,97;18795;2.71824184;41.70160257
Torelló;82858;508;13,00;15107;2.26280558;42.04672577
Torms, els;252249;476;13,75;138;0.71972485;41.39416901
Tornabous;252252;289;24,17;842;1.05308034;41.70165982
Torre de Cabdella, la;252271;1075;165,27;787;0.98253151;42.42190748
Torre de Claramunt, la;82861;363;15,02;4115;1.658337;41.53352325
Torre de Fontaubella, la;431515;369;7,11;119;0.86429623;41.12436527
Torre de l'Espanyol, la;431520;164;27,90;630;0.6250989;41.1918096
Torrebesses;252265;287;27,45;273;0.59509369;41.42664815
Torredembarra;431536;15;8,71;17953;1.39563133;41.14566163
Torrefarrera;252287;214;23,49;4904;0.60663849;41.67321618
Torrefeta i Florejacs;259078;475;88,91;608;1.27532798;41.75334896
Torregrossa;252304;232;40,52;2227;0.83186291;41.58107244
Torrelameu;252311;201;10,93;799;0.70208299;41.70469051
Torrelavit;82877;202;23,65;1509;1.72970021;41.44748987
Torrelles de Foix;82883;367;36,72;2662;1.56874586;41.388311
Torrelles de Llobregat;82896;126;13,56;6136;1.98115644;41.35893901
Torrent;171978;44;7,96;174;3.12769296;41.95201085
Torres de Segre;252326;119;50,61;2268;0.51357711;41.53526453
Torre-serona;252332;197;5,89;440;0.62932538;41.67186223
Torroella de Fluvià;171984;9;16,85;770;3.04096901;42.17487874
Torroella de Montgrí;171997;31;65,93;12421;3.12610284;42.04107056
Torroja del Priorat;431541;332;13,16;137;0.81064225;41.21337863
Tortellà;172001;276;11,07;828;2.63000059;42.2328818
Tortosa;431554;12;218,51;35513;0.52064308;40.81100816
Toses;172018;1444;57,88;192;2.01698644;42.32164368
Tossa de Mar;172023;5;38,58;6241;2.93123005;41.71800762
Tremp;252347;468;302,82;6056;0.89525918;42.16741022
Ullà;172044;21;7,29;1221;3.10767928;42.0507017
Ullastrell;82900;342;7,31;2179;1.95982199;41.52866569
Ullastret;172057;49;11,09;266;3.06854627;42.0004373
Ulldecona;431567;133;126,88;6598;0.44887548;40.59823916
Ulldemolins;431573;650;38,17;414;0.87639506;41.32259104
Ultramort;172039;30;4,35;214;3.03447793;42.03667882
Urús;172060;1263;17,42;207;1.85402074;42.35006996
Vacarisses;82917;382;40,70;7549;1.91790928;41.60722832
Vajol, la;170144;546;4,71;98;2.80019451;42.40380196
Vall d'en Bas, la;172076;510;90,67;3221;2.46050942;42.11988822
Vall de Bianya, la;172082;367;93,62;1347;2.45494424;42.21023603
Vall de Boí, la;250432;1111;219,49;1119;0.80084768;42.50611108
Vall de Cardós;259010;898;56,20;381;1.22507548;42.5643416
Vallbona d'Anoia;82922;289;6,45;1405;1.70767217;41.51872667
Vallbona de les Monges;252385;481;34,14;221;1.08856344;41.52501575
Vallcebre;82938;1123;27,99;272;1.8182151;42.20393901
Vallclara;431589;625;13,63;89;0.98225217;41.3773671
Vallfogona de Balaguer;252402;235;26,97;2016;0.81374349;41.75246935
Vallfogona de Ripollès;171707;956;39,20;222;2.30363276;42.19538574
Vallfogona de Riucorb;431592;573;10,94;98;1.23596699;41.56291706
Vallgorguina;82943;222;22,13;3203;2.51055107;41.64741254
Vallirana;82956;177;23,88;15952;1.93188885;41.38800715
Vall-llobrega;172095;49;5,45;912;3.12622721;41.88046715
Vallmoll;431606;161;16,68;1937;1.24902535;41.24244387
Vallromanes;82969;153;10,65;2749;2.297941;41.53156277
Valls;431613;215;55,28;25085;1.24775254;41.28417563
Valls d'Aguilar, les;259062;669;123,81;269;1.24775254;41.28417563
Valls de Valira, les;252398;740;171,25;810;1.24775254;41.28417563
Vandellòs i l'Hospitalet de l'Infant;431628;281;102,67;7082;0.83463089;41.01988254
Vansa i Fórnols, la;259097;989;106,08;189;1.48098754;42.23334536
Veciana;82975;564;38,90;175;1.48840131;41.65612978
Vendrell, el;431634;49;36,80;40526;1.53492905;41.22021408
Ventalló;172109;28;25,05;891;3.0268766;42.14887518
Verdú;252424;434;35,79;885;1.14363791;41.61018266
Verges;172116;23;9,70;1180;3.04657729;42.06040322
Vespella de Gaià;431649;191;18,04;504;1.36257077;41.19519942
Vic;82981;484;30,58;49333;2.25433998;41.93049048
Vidrà;172121;982;34,39;169;2.30988452;42.12247171
Vidreres;172137;93;48,05;8655;2.77922291;41.78888434
Vielha e Mijaran;252430;974;211,74;5793;0.79285958;42.7007269
Vilabella;431652;254;18,19;725;1.32994151;41.24683567
Vilabertran;172142;19;2,29;987;2.98156047;42.28269494
Vilablareix;172155;99;6,17;3772;2.79400671;41.95261121
Vilada;82994;757;22,34;443;1.93153813;42.13711088
Viladamat;172174;13;11,73;492;3.07477099;42.13345727
Viladasens;172168;96;15,74;212;2.93017072;42.09572284
Viladecans;83015;18;20,40;67179;2.02040075;41.31579003
Viladecavalls;83008;274;20,09;7790;1.95378397;41.55485863
Vilademuls;172180;120;61,54;865;2.88787422;42.13868985
Viladrau;172207;821;50,73;1175;2.38998247;41.84751635
Vilafant;172214;54;8,36;5696;2.93757634;42.24698271
Vilafranca del Penedès;83054;223;19,65;41541;1.69817346;41.34640752
Vilagrassa;252445;355;19,87;633;1.10576315;41.64855772
Vilajuïga;172235;31;13,13;1183;3.09296005;42.32551009
Vilalba dels Arcs;431750;450;67,25;614;0.41018099;41.12101442
Vilalba Sasserra;83067;200;6,05;780;2.44107814;41.6527253
Vilaller;252458;981;59,23;506;0.71579147;42.47670343
Vilallonga de Ter;172240;1067;64,20;395;2.31213951;42.33115611
Vilallonga del Camp;431665;124;9,04;2462;1.20574369;41.21142926
Vilamacolum;172253;5;5,57;373;3.05680126;42.19643163
Vilamalla;172266;45;8,77;1220;2.9704745;42.21768389
Vilamaniscle;172272;169;5,46;202;3.06777373;42.37515955
Vilamòs;252477;1255;15,44;176;0.72688659;42.74744197
Vilanant;172288;98;16,87;402;2.88868518;42.25459633
Vilanova d'Escornalbou;431671;226;17,16;611;0.93662681;41.1128721
Vilanova de Bellpuig;252483;290;13,98;1168;0.96076488;41.61475992
Vilanova de l'Aguda;252496;409;53,68;195;1.25260502;41.91193886
Vilanova de la Barca;252542;195;21,55;1100;0.72904341;41.69105807
Vilanova de Meià;252509;633;105,24;462;1.02267546;41.99526464
Vilanova de Prades;431687;893;21,51;110;0.95545401;41.34804632
Vilanova de Sau;83036;558;58,84;317;2.38696447;41.94838126
Vilanova de Segrià;252516;255;8,51;1057;0.61883477;41.71264518
Vilanova del Camí;83020;302;10,28;12853;1.63533808;41.57194133
Vilanova del Vallès;89024;91;15,20;5644;2.28915039;41.55417726
Vilanova i la Geltrú;83073;22;33,99;70293;1.72591967;41.22426707
Vilaplana;431690;366;23,20;560;1.03318722;41.22856195
Vila-rodona;431704;259;33,11;1379;1.35811702;41.31083706
Vila-sacra;172305;16;6,03;815;3.01813223;42.26549857
Vila-sana;252521;249;19,10;744;0.92756239;41.6632981
Vila-seca;431711;45;21,64;24061;1.14503911;41.11097198
Vilassar de Dalt;82140;142;8,86;9299;2.35840582;41.51720521
Vilassar de Mar;82191;10;4,00;21169;2.39260007;41.502293
Vilaür;172229;65;5,49;170;2.95508715;42.14361014
Vilaverd;431726;269;12,61;470;1.17734803;41.33424823
Vilella Alta, la;431732;327;5,15;130;0.78046475;41.22541254
Vilella Baixa, la;431747;218;5,62;206;0.76180603;41.22066562
Vilobí d'Onyar;172333;122;32,59;3304;2.74254823;41.88850596
Vilobí del Penedès;83041;286;9,34;1149;1.6615138;41.3891697
Vilopriu;172327;82;16,38;213;2.99200265;42.10419867
Vilosell, el;252537;665;18,88;192;0.94662366;41.38394808
Vimbodí i Poblet;431763;496;66,09;893;1.0520845;41.39948969
Vinaixa;252555;479;37,59;449;0.97529973;41.42855666
Vinebre;431779;34;26,44;426;0.59080575;41.18406807
Vinyols i els Arcs;431785;95;10,83;2425;1.0366646;41.11375385
Viver i Serrateix;83089;729;66,80;173;1.77708769;41.94593376
Xerta;430521;12;32,39;1153;0.4906091;40.90643521